candidate_id,job_id,rating,applied
CAND_000057,JOB_868922,1.3633500591662235,1
CAND_000057,JOB_248356,2.582180700394673,1
CAND_000689,JOB_147674,1.7406678915534133,1
CAND_000689,JOB_531212,2.52373913057637,1
CAND_000689,JOB_048966,2.2843111682371235,1
CAND_000689,JOB_872988,2.582757954841252,1
CAND_000689,JOB_500796,2.5948586037538246,1
CAND_000689,JOB_1205928,1.972306354726209,1
CAND_000519,JOB_248356,2.567346891407599,1
CAND_000641,JOB_500796,2.1165233813450577,1
CAND_000641,JOB_872988,1.92755845222923,1
CAND_000641,JOB_1119226,2.1126318410227958,1
CAND_000641,JOB_013936,1.8915895522323969,1
CAND_000938,JOB_500796,2.285715220955084,1
CAND_000938,JOB_872988,2.6620632929705352,1
CAND_000938,JOB_190572,2.0633632325303277,1
CAND_000185,JOB_048966,2.2096485465246145,1
CAND_000185,JOB_872988,2.5898428131484286,1
CAND_000185,JOB_049609,1.9860237984029814,1
CAND_000185,JOB_570759,2.366305739595401,1
CAND_000185,JOB_500796,2.4554559646008447,1
CAND_000185,JOB_147674,2.363637907786491,1
CAND_000185,JOB_1119226,2.052105211622673,1
CAND_000185,JOB_531212,1.5282590607719857,1
CAND_000185,JOB_1205928,2.2133267004157857,1
CAND_000446,JOB_1055886,2.2322743150574866,1
CAND_000446,JOB_286789,3.0870622411652056,1
CAND_000446,JOB_811849,2.4657434036703867,1
CAND_000446,JOB_032550,2.5996879341739207,1
CAND_000446,JOB_090120,2.033298877573909,1
CAND_000611,JOB_872988,1.793200888208915,1
CAND_000611,JOB_570759,2.2749333288546674,1
CAND_000611,JOB_1205928,2.213786788967752,1
CAND_000611,JOB_147674,2.8791278892417065,1
CAND_000611,JOB_500796,2.9097966558165114,1
CAND_000611,JOB_531212,1.8161416291587031,1
CAND_000611,JOB_1119226,2.6545717791128656,1
CAND_000611,JOB_049609,1.8686775940805982,1
CAND_000611,JOB_048966,1.7966630208847378,1
CAND_000326,JOB_1055886,2.0071734846334586,1
CAND_000326,JOB_811849,2.2874139787900294,1
CAND_000326,JOB_286789,2.97032033975021,1
CAND_000326,JOB_032550,2.5156770937126973,1
CAND_000326,JOB_090120,1.9223242047066575,1
CAND_000662,JOB_531212,2.5070651185923856,1
CAND_000662,JOB_049609,2.072889705713679,1
CAND_000662,JOB_500796,2.657021390889586,1
CAND_000662,JOB_570759,2.492601944690999,1
CAND_000662,JOB_872988,2.6828499620850894,1
CAND_000662,JOB_1119226,2.4900039492427797,1
CAND_000662,JOB_048966,2.4921151226316556,1
CAND_000662,JOB_147674,1.9232613375778125,1
CAND_000662,JOB_1205928,2.463851649566135,1
CAND_000881,JOB_152177,1.7542782822402576,1
CAND_000881,JOB_387407,1.6726802013715603,1
CAND_000881,JOB_032550,2.670061753512998,1
CAND_000881,JOB_452489,1.7372142344509809,1
CAND_000881,JOB_090120,2.0211488304493437,1
CAND_000881,JOB_1055886,1.7660862281472092,1
CAND_000881,JOB_811849,2.21154140096063,1
CAND_000094,JOB_531212,2.256410099288733,1
CAND_000094,JOB_500796,2.360469537704947,1
CAND_000094,JOB_048966,2.566791366349089,1
CAND_000094,JOB_1205928,1.3309338255350909,1
CAND_000094,JOB_147674,2.4512978540471932,1
CAND_000094,JOB_872988,2.2171337600764907,1
CAND_000462,JOB_048966,2.13573122614925,1
CAND_000462,JOB_1119226,2.5694946024121914,1
CAND_000462,JOB_049609,2.1546512586222244,1
CAND_000462,JOB_147674,2.6159340075596704,1
CAND_000462,JOB_500796,2.4727723007919065,1
CAND_000462,JOB_872988,2.107470975189964,1
CAND_000462,JOB_531212,1.9820989214076867,1
CAND_000005,JOB_381275,1.8904664447598292,1
CAND_000005,JOB_263728,1.8904849919334976,1
CAND_000005,JOB_571620,1.9009428600294298,1
CAND_000005,JOB_570759,1.2941017846614624,1
CAND_000500,JOB_286789,1.858864812177214,1
CAND_000421,JOB_248356,2.789439676720932,1
CAND_000482,JOB_248356,1.809526114769248,1
CAND_000089,JOB_1119226,2.1503725683953796,1
CAND_000089,JOB_500796,2.643251207311465,1
CAND_000089,JOB_048966,1.67076733448785,1
CAND_000089,JOB_147674,2.087505405141333,1
CAND_000089,JOB_049609,2.0568722441060374,1
CAND_000089,JOB_1205928,1.6349726963662743,1
CAND_000089,JOB_872988,2.393521374612504,1
CAND_000089,JOB_531212,2.1185562394556245,1
CAND_000889,JOB_090120,1.8425962802341849,1
CAND_000889,JOB_1055886,2.5179483459262895,1
CAND_000889,JOB_032550,2.5878686364233476,1
CAND_000889,JOB_286789,2.5969207760464346,1
CAND_000889,JOB_452489,2.6577731980474337,1
CAND_000889,JOB_811849,2.6784009833386393,1
CAND_000490,JOB_451966,1.7995762916154379,1
CAND_000744,JOB_811849,1.770743226216771,1
CAND_000744,JOB_090120,2.153093273137155,1
CAND_000744,JOB_032550,2.065158521480638,1
CAND_000744,JOB_452489,1.7696389676811488,1
CAND_000744,JOB_1055886,1.6595896072616014,1
CAND_000744,JOB_286789,3.021795697196244,1
CAND_000481,JOB_868922,2.586080327790912,1
CAND_000481,JOB_079013,2.575570815175712,1
CAND_000481,JOB_248356,2.6755296921308243,1
CAND_000127,JOB_571620,2.191989192189346,1
CAND_000127,JOB_263728,1.955927127733168,1
CAND_000127,JOB_381239,2.0789573241655974,1
CAND_000127,JOB_613086,2.228155216586219,1
CAND_000127,JOB_590015,2.25750698338163,1
CAND_000410,JOB_286789,2.9139225773858626,1
CAND_000410,JOB_032550,2.1823069698730815,1
CAND_000410,JOB_452489,1.776411408804779,1
CAND_000410,JOB_090120,2.156064248902996,1
CAND_000410,JOB_811849,1.8939272654886619,1
CAND_000410,JOB_1055886,1.867280392387487,1
CAND_000367,JOB_872988,1.820206675868235,1
CAND_000367,JOB_570759,2.0987766109740815,1
CAND_000367,JOB_1119226,1.889832242708126,1
CAND_000367,JOB_500796,1.9787009011013776,1
CAND_000784,JOB_079013,2.007108850929647,1
CAND_000784,JOB_248356,3.11302976686427,1
CAND_000784,JOB_868922,2.2232831900914825,1
CAND_000417,JOB_500796,2.1532048267627637,1
CAND_000417,JOB_872988,2.8279626524298878,1
CAND_000417,JOB_048966,1.506003564602362,1
CAND_000417,JOB_1205928,2.311202883742635,1
CAND_000417,JOB_531212,2.3439151139650156,1
CAND_000417,JOB_1119226,2.0126414558794243,1
CAND_000417,JOB_147674,2.402148553324838,1
CAND_000417,JOB_570759,1.8441553877827785,1
CAND_000417,JOB_049609,1.8810930676518955,1
CAND_000460,JOB_613086,2.3749856988596414,1
CAND_000460,JOB_381239,1.7869009170627679,1
CAND_000460,JOB_263728,2.2098431754712666,1
CAND_000460,JOB_590015,1.9707560765642054,1
CAND_000460,JOB_571620,2.3788502699169993,1
CAND_000313,JOB_451966,1.816683587399507,1
CAND_000360,JOB_049609,1.8907028949375706,1
CAND_000360,JOB_570759,2.1449720335049447,1
CAND_000360,JOB_147674,1.8177439571478364,1
CAND_000360,JOB_048966,2.2521233376561423,1
CAND_000360,JOB_872988,2.4734128553879016,1
CAND_000360,JOB_1205928,1.8968744148016778,1
CAND_000360,JOB_500796,2.81489125791102,1
CAND_000360,JOB_1119226,2.247999140635598,1
CAND_000360,JOB_531212,2.4863790483855324,1
CAND_000746,JOB_590015,2.0733730898298135,1
CAND_000746,JOB_381239,1.7160044368296499,1
CAND_000746,JOB_263728,1.9176003330914007,1
CAND_000746,JOB_571620,2.0723078792355762,1
CAND_000746,JOB_613086,2.3061298548526623,1
CAND_000353,JOB_1205928,2.2504471423432815,1
CAND_000353,JOB_872988,1.9262867214996657,1
CAND_000353,JOB_1119226,2.4933669581610176,1
CAND_000353,JOB_147674,2.587840299145911,1
CAND_000353,JOB_048966,2.118201389571979,1
CAND_000707,JOB_570759,1.5997283772239559,1
CAND_000707,JOB_263728,2.46102986091231,1
CAND_000707,JOB_381239,1.8656903088162995,1
CAND_000707,JOB_590015,2.762672169940422,1
CAND_000707,JOB_571620,2.751051051525546,1
CAND_000707,JOB_613086,2.005634366275087,1
CAND_000016,JOB_500796,2.511108735129329,1
CAND_000016,JOB_1205928,1.456894158085822,1
CAND_000016,JOB_049609,1.9777846155329675,1
CAND_000016,JOB_1119226,2.6409100770369234,1
CAND_000016,JOB_531212,1.9238879538238551,1
CAND_000016,JOB_147674,1.6072898678818541,1
CAND_000931,JOB_248356,2.938324051125566,1
CAND_000522,JOB_286789,2.954157932332343,1
CAND_000522,JOB_811849,1.467592208593806,1
CAND_000522,JOB_452489,1.6721364091671982,1
CAND_000522,JOB_1055886,2.3457636124328918,1
CAND_000522,JOB_090120,2.189130774714896,1
CAND_000522,JOB_032550,2.6006523139868336,1
CAND_000006,JOB_868922,1.7441011526654182,1
CAND_000006,JOB_248356,2.5310814248846736,1
CAND_000442,JOB_248356,2.055700661839275,1
CAND_000861,JOB_613086,1.8178529989132164,1
CAND_000861,JOB_381239,1.894796998525572,1
CAND_000861,JOB_590015,2.034076857796182,1
CAND_000861,JOB_263728,2.00281055072528,1
CAND_000861,JOB_571620,1.675390385883008,1
CAND_000017,JOB_286789,2.2513317037560983,1
CAND_000017,JOB_451966,1.8868142109769719,1
CAND_000364,JOB_248356,2.8983637572162335,1
CAND_000620,JOB_286789,3.0324317416259357,1
CAND_000252,JOB_049609,2.107074250888775,1
CAND_000252,JOB_872988,1.9714179194944235,1
CAND_000252,JOB_147674,2.1966843337671835,1
CAND_000252,JOB_1205928,1.8481744464774812,1
CAND_000252,JOB_531212,1.9201529148907548,1
CAND_000252,JOB_1119226,2.4700261016942826,1
CAND_000252,JOB_500796,2.706310086859603,1
CAND_000252,JOB_048966,2.510545574546994,1
CAND_000269,JOB_248356,2.6516903579140383,1
CAND_000379,JOB_248356,2.392090805608634,1
CAND_000276,JOB_451966,1.9910391495325293,1
CAND_000647,JOB_500796,2.889877626106919,1
CAND_000647,JOB_048966,1.914738211266572,1
CAND_000647,JOB_531212,1.892929317423193,1
CAND_000647,JOB_872988,2.3624820758190133,1
CAND_000647,JOB_1119226,2.2007708605139733,1
CAND_000647,JOB_1205928,2.106082457919806,1
CAND_000647,JOB_049609,1.9504960322807763,1
CAND_000647,JOB_147674,1.9734100454445178,1
CAND_000698,JOB_090120,2.291267551576321,1
CAND_000698,JOB_286789,3.0245508370323035,1
CAND_000698,JOB_452489,2.041314877621544,1
CAND_000698,JOB_970624,2.5760138130851216,1
CAND_000698,JOB_451831,2.137696320219392,1
CAND_000698,JOB_811849,2.2059317387922044,1
CAND_000698,JOB_032550,2.561616449968574,1
CAND_000698,JOB_1055886,1.54386214179779,1
CAND_000479,JOB_248356,2.808549239640545,1
CAND_000916,JOB_872988,1.9131794394736443,1
CAND_000445,JOB_286789,2.4539090674912565,1
CAND_000445,JOB_1055886,1.923154823861719,1
CAND_000445,JOB_452489,2.190195473209455,1
CAND_000445,JOB_032550,2.962449025004867,1
CAND_000445,JOB_811849,2.4346934171231123,1
CAND_000415,JOB_381239,2.3199554094444967,1
CAND_000415,JOB_571620,1.9708614696035616,1
CAND_000415,JOB_590015,2.1328626954515926,1
CAND_000415,JOB_263728,2.402435939639553,1
CAND_000415,JOB_613086,2.0524406597408316,1
CAND_000879,JOB_868922,2.141366214870511,1
CAND_000879,JOB_248356,2.760520437955019,1
CAND_000448,JOB_590015,1.8409074438691455,1
CAND_000448,JOB_381239,1.5247993775474828,1
CAND_000448,JOB_571620,2.0516938294452305,1
CAND_000448,JOB_613086,1.9547998943219853,1
CAND_000448,JOB_263728,1.9117726195210973,1
CAND_000413,JOB_049609,1.943778424604927,1
CAND_000413,JOB_147674,2.324177533874927,1
CAND_000413,JOB_048966,2.1413951134825218,1
CAND_000413,JOB_531212,2.567234110440516,1
CAND_000413,JOB_500796,2.9069464992897878,1
CAND_000413,JOB_1205928,1.4458272471939586,1
CAND_000413,JOB_872988,2.8327868226837065,1
CAND_000513,JOB_571620,2.2518505068402455,1
CAND_000513,JOB_590015,1.7985320199319126,1
CAND_000513,JOB_381239,2.0490486978126357,1
CAND_000513,JOB_263728,2.0480687563667566,1
CAND_000513,JOB_613086,1.8445438862059347,1
CAND_000496,JOB_531212,2.418391006372292,1
CAND_000496,JOB_1205928,1.978656690555748,1
CAND_000496,JOB_049609,1.9180647313793122,1
CAND_000496,JOB_872988,2.0225107337414836,1
CAND_000496,JOB_500796,2.5938268282732913,1
CAND_000496,JOB_147674,2.2434462482731155,1
CAND_000496,JOB_1119226,2.237194412119022,1
CAND_000496,JOB_048966,2.3744901030995518,1
CAND_000397,JOB_248356,2.568563378653597,1
CAND_000140,JOB_248356,2.2931673498667555,1
CAND_000014,JOB_013936,2.4225521898132736,1
CAND_000014,JOB_872988,1.5371933499992008,1
CAND_000014,JOB_1119226,2.5227732641842255,1
CAND_000014,JOB_500796,2.1955630644745665,1
CAND_000147,JOB_248356,2.554729627437729,1
CAND_000147,JOB_868922,1.944476129602349,1
CAND_000895,JOB_032550,2.062164013034682,1
CAND_000895,JOB_286789,2.8704290100492647,1
CAND_000898,JOB_013936,1.9643586038903296,1
CAND_000898,JOB_1119226,2.296685555698645,1
CAND_000898,JOB_872988,2.291190450278252,1
CAND_000898,JOB_500796,2.9477232975297825,1
CAND_000386,JOB_531212,2.0497296560886515,1
CAND_000386,JOB_048966,2.207629023335762,1
CAND_000386,JOB_1119226,2.493941799074424,1
CAND_000386,JOB_147674,2.0361056898939585,1
CAND_000386,JOB_049609,2.314687633156245,1
CAND_000386,JOB_872988,2.770996743490972,1
CAND_000386,JOB_1205928,1.7569282315858072,1
CAND_000386,JOB_500796,2.6740381183239346,1
CAND_000537,JOB_872988,3.0378342520389556,1
CAND_000537,JOB_1119226,2.470666269746248,1
CAND_000537,JOB_049609,2.0547395594518956,1
CAND_000537,JOB_147674,2.113455378537897,1
CAND_000537,JOB_1205928,1.7466948954015264,1
CAND_000537,JOB_048966,2.353877327903731,1
CAND_000537,JOB_570759,2.213906274483432,1
CAND_000537,JOB_531212,1.6532750114655685,1
CAND_000537,JOB_500796,2.4169593100807623,1
CAND_000145,JOB_286789,2.5321754597452326,1
CAND_000213,JOB_048966,1.7753964096979638,1
CAND_000213,JOB_049609,2.504718766376524,1
CAND_000213,JOB_147674,2.3717506714656182,1
CAND_000213,JOB_1205928,2.550610063784962,1
CAND_000213,JOB_1119226,1.7605771221102176,1
CAND_000213,JOB_500796,2.221755627375627,1
CAND_000369,JOB_613086,1.8994427050188536,1
CAND_000369,JOB_571620,3.048747568535616,1
CAND_000369,JOB_381239,1.807920842261925,1
CAND_000369,JOB_500298,2.1096220342115988,1
CAND_000369,JOB_263728,2.5616147378513796,1
CAND_000179,JOB_381239,2.3323488788488818,1
CAND_000179,JOB_571620,2.115940848803001,1
CAND_000179,JOB_613086,2.1464043476760484,1
CAND_000179,JOB_590015,2.4653427745073997,1
CAND_000179,JOB_263728,2.055366277502569,1
CAND_000003,JOB_571620,2.2478537998936305,1
CAND_000003,JOB_263728,2.2624753533919266,1
CAND_000774,JOB_872988,1.7715079878273425,1
CAND_000774,JOB_049609,2.209699682598544,1
CAND_000774,JOB_1119226,2.171284154180444,1
CAND_000774,JOB_570759,2.0210361161899777,1
CAND_000774,JOB_147674,2.151977267401596,1
CAND_000774,JOB_531212,1.8431534461730419,1
CAND_000774,JOB_048966,1.7025398121606832,1
CAND_000378,JOB_613086,1.477777659547324,1
CAND_000378,JOB_381239,1.7575426742941747,1
CAND_000378,JOB_571620,2.7983778691443653,1
CAND_000378,JOB_590015,1.7357967681743607,1
CAND_000378,JOB_263728,2.236157930303332,1
CAND_000980,JOB_590015,1.9552418305375718,1
CAND_000980,JOB_381239,1.781959396693405,1
CAND_000980,JOB_263728,2.3808637737725835,1
CAND_000980,JOB_613086,1.7489637666435216,1
CAND_000980,JOB_571620,2.6447247500688658,1
CAND_000548,JOB_248356,2.7158784965705354,1
CAND_000548,JOB_868922,1.936484979244587,1
CAND_000010,JOB_248356,2.540888307478845,1
CAND_000478,JOB_451966,1.8899115410205163,1
CAND_000478,JOB_380824,2.746698554403207,1
CAND_000478,JOB_500796,2.3323964432164566,1
CAND_000478,JOB_872988,2.614499272703196,1
CAND_000478,JOB_570759,2.403398620318207,1
CAND_000704,JOB_286789,3.4289587812649316,1
CAND_000704,JOB_032550,2.405732653228238,1
CAND_000438,JOB_032550,2.10091083137658,1
CAND_000438,JOB_286789,2.3065748409827105,1
CAND_000438,JOB_090120,1.857802895211766,1
CAND_000438,JOB_1055886,2.075218650879996,1
CAND_000438,JOB_811849,2.4861019560099464,1
CAND_000438,JOB_452489,1.8605292455383888,1
CAND_000891,JOB_248356,2.5627314257876153,1
CAND_000062,JOB_613086,2.419752394185397,1
CAND_000062,JOB_381239,2.315195700861506,1
CAND_000062,JOB_263728,2.5808521319429647,1
CAND_000062,JOB_571620,2.5265336626570893,1
CAND_000062,JOB_590015,2.147683882057255,1
CAND_000974,JOB_090120,1.5827336814212396,1
CAND_000974,JOB_452489,1.5258845510916377,1
CAND_000974,JOB_811849,1.858281162873644,1
CAND_000974,JOB_032550,2.524546456926257,1
CAND_000974,JOB_286789,2.182121549146938,1
CAND_000974,JOB_1055886,1.7422690394237015,1
CAND_000876,JOB_248356,2.866589452018191,1
CAND_000317,JOB_451966,2.2568111440492324,1
CAND_000852,JOB_248356,2.4630161356566,1
CAND_000940,JOB_531212,2.0753278279020297,1
CAND_000940,JOB_570759,1.9854434617003585,1
CAND_000940,JOB_872988,2.273192034291984,1
CAND_000940,JOB_1119226,2.6231074301967485,1
CAND_000940,JOB_147674,2.3075403930884035,1
CAND_000940,JOB_500796,2.903424642112063,1
CAND_000940,JOB_048966,2.2175961155838975,1
CAND_000940,JOB_049609,2.2098013379705983,1
CAND_000940,JOB_1205928,2.154457971970104,1
CAND_000473,JOB_500796,2.8232992387513507,1
CAND_000473,JOB_531212,1.969721310857898,1
CAND_000473,JOB_147674,2.119103181520917,1
CAND_000473,JOB_1119226,2.473302123924666,1
CAND_000473,JOB_049609,2.488049696192041,1
CAND_000084,JOB_613086,2.0725952335012447,1
CAND_000084,JOB_590015,1.6730342295485177,1
CAND_000084,JOB_381239,2.0472157464005973,1
CAND_000084,JOB_263728,2.497996616704609,1
CAND_000084,JOB_571620,2.3389966298824536,1
CAND_000661,JOB_248356,3.0594163096057474,1
CAND_000902,JOB_248356,2.5158118818248254,1
CAND_000967,JOB_500796,2.445895199646768,1
CAND_000967,JOB_1119226,2.3116179244158825,1
CAND_000967,JOB_570759,2.10139133115112,1
CAND_000967,JOB_531212,1.242499640106628,1
CAND_000967,JOB_1205928,2.5617208715945723,1
CAND_000967,JOB_147674,2.6499955726789226,1
CAND_000967,JOB_048966,2.199935165531709,1
CAND_000967,JOB_872988,1.896978420644286,1
CAND_000967,JOB_049609,2.0529646865935725,1
CAND_000692,JOB_590015,2.3375209442647518,1
CAND_000692,JOB_571620,2.4656880064546454,1
CAND_000692,JOB_613086,2.013381508540423,1
CAND_000692,JOB_263728,1.8542855140738865,1
CAND_000692,JOB_381239,2.1535814837914193,1
CAND_000304,JOB_048966,2.572856827849971,1
CAND_000304,JOB_1119226,2.3774061370272936,1
CAND_000304,JOB_872988,2.216222372585754,1
CAND_000304,JOB_570759,2.286377641606044,1
CAND_000304,JOB_049609,1.744153599637112,1
CAND_000304,JOB_500796,3.0954873203693247,1
CAND_000304,JOB_1205928,1.852397612615558,1
CAND_000823,JOB_452489,2.260328127788033,1
CAND_000823,JOB_811849,1.847983163720684,1
CAND_000823,JOB_090120,2.678196228667619,1
CAND_000823,JOB_286789,2.9051380827856303,1
CAND_000823,JOB_365566,2.6204642482628744,1
CAND_000823,JOB_032550,2.5680946506304334,1
CAND_000550,JOB_571620,2.3581482188238825,1
CAND_000550,JOB_263728,2.3212522485375238,1
CAND_000550,JOB_613086,1.7304204984909124,1
CAND_000550,JOB_590015,1.902868557257769,1
CAND_000550,JOB_381239,2.149292536689959,1
CAND_000105,JOB_286789,2.3517974665685486,1
CAND_000509,JOB_147674,1.7211761361461113,1
CAND_000509,JOB_1119226,2.269921241218481,1
CAND_000509,JOB_570759,2.195048851822374,1
CAND_000509,JOB_531212,1.9467641947707766,1
CAND_000509,JOB_500796,2.804536546264374,1
CAND_000509,JOB_872988,2.5545075628425487,1
CAND_000509,JOB_1205928,2.686841589650927,1
CAND_000041,JOB_590015,1.9591749040297544,1
CAND_000041,JOB_613086,2.1641536339867,1
CAND_000041,JOB_571620,2.777253860159278,1
CAND_000041,JOB_381239,1.98495233110519,1
CAND_000041,JOB_263728,2.234569483903419,1
CAND_000495,JOB_263728,1.5601022184740614,1
CAND_000495,JOB_381275,1.9660740932825085,1
CAND_000495,JOB_571620,2.2763602438595236,1
CAND_000104,JOB_286789,2.541300202343629,1
CAND_000104,JOB_365566,2.1128057997054905,1
CAND_000268,JOB_248356,2.238260360453285,1
CAND_000268,JOB_868922,2.0418779414874346,1
CAND_000686,JOB_452489,1.7967718409680884,1
CAND_000686,JOB_286789,2.9309149826461773,1
CAND_000686,JOB_1055886,1.8530665136692117,1
CAND_000686,JOB_032550,2.24324063648274,1
CAND_000686,JOB_811849,1.9591836605432549,1
CAND_000686,JOB_090120,2.446319808642536,1
CAND_000197,JOB_868922,2.1663611326075287,1
CAND_000197,JOB_248356,2.6529347993870602,1
CAND_000197,JOB_079013,1.8758866124653304,1
CAND_000937,JOB_248356,3.244309918523764,1
CAND_000937,JOB_868922,2.3820763711725648,1
CAND_000562,JOB_590015,2.758230777598651,1
CAND_000562,JOB_263728,2.6470368706973484,1
CAND_000562,JOB_613086,1.6514681083535978,1
CAND_000562,JOB_571620,2.57092833867043,1
CAND_000562,JOB_381239,1.7095929699580288,1
CAND_000425,JOB_571620,2.2294942523151753,1
CAND_000425,JOB_570759,2.2763712911299563,1
CAND_000425,JOB_590015,2.194149308976567,1
CAND_000425,JOB_381239,2.064129001051411,1
CAND_000586,JOB_263728,2.4921620712147527,1
CAND_000586,JOB_590015,2.252691384683278,1
CAND_000586,JOB_571620,2.1448712468745827,1
CAND_000586,JOB_613086,1.8017533350934896,1
CAND_000586,JOB_381239,1.7485489242366334,1
CAND_000336,JOB_811849,2.4694665564111995,1
CAND_000336,JOB_032550,2.083385920135134,1
CAND_000336,JOB_1055886,2.181541630315575,1
CAND_000336,JOB_286789,2.356872357287071,1
CAND_000336,JOB_452489,1.7849069261250294,1
CAND_000336,JOB_090120,2.2257580223048956,1
CAND_000001,JOB_248356,2.273216518499833,1
CAND_000001,JOB_868922,1.7960192271972932,1
CAND_000001,JOB_079013,2.5124472970664233,1
CAND_000789,JOB_190572,2.0526841746881854,1
CAND_000789,JOB_872988,1.8596321411590715,1
CAND_000789,JOB_500796,1.8325970562910148,1
CAND_000789,JOB_1119226,2.057439038216909,1
CAND_000110,JOB_613086,1.5728013482371501,1
CAND_000110,JOB_263728,1.7760185450926362,1
CAND_000110,JOB_590015,1.9038110837189117,1
CAND_000110,JOB_381239,2.4363316160897472,1
CAND_000110,JOB_571620,2.4920827351530486,1
CAND_000510,JOB_613086,1.4333430886063379,1
CAND_000510,JOB_381239,1.6624416709607206,1
CAND_000510,JOB_263728,1.7522379583354286,1
CAND_000510,JOB_571620,1.9426532272592012,1
CAND_000510,JOB_590015,2.2069347409641704,1
CAND_000154,JOB_531212,2.165468326462158,1
CAND_000154,JOB_1205928,1.9971968669216982,1
CAND_000154,JOB_049609,2.7655820561167763,1
CAND_000154,JOB_147674,2.4000378455657785,1
CAND_000154,JOB_872988,2.3636664540054264,1
CAND_000154,JOB_500796,3.0470118824288788,1
CAND_000154,JOB_1119226,2.320770901788941,1
CAND_000154,JOB_048966,1.8685675143987903,1
CAND_000154,JOB_570759,1.9672485335916705,1
CAND_000308,JOB_451966,1.9223526262278394,1
CAND_000494,JOB_590015,1.7441664753048343,1
CAND_000494,JOB_571620,2.4326819597936638,1
CAND_000494,JOB_381239,2.513440830159886,1
CAND_000494,JOB_613086,2.0243525934050797,1
CAND_000494,JOB_263728,2.4937450388069373,1
CAND_000152,JOB_531212,2.5718733631307713,1
CAND_000152,JOB_1119226,2.485643245600392,1
CAND_000152,JOB_570759,1.6148866811122304,1
CAND_000152,JOB_872988,2.8086377751074822,1
CAND_000152,JOB_147674,1.593501081273648,1
CAND_000152,JOB_500796,2.4324402793752706,1
CAND_000385,JOB_147674,2.0302589211827238,1
CAND_000385,JOB_500796,2.3392850116644497,1
CAND_000385,JOB_1119226,2.2802583995979586,1
CAND_000385,JOB_1205928,1.9350062763535636,1
CAND_000385,JOB_872988,2.386448819440295,1
CAND_000385,JOB_049609,2.189002180613078,1
CAND_000385,JOB_048966,2.0323012127435875,1
CAND_000385,JOB_531212,1.8351234377647696,1
CAND_000990,JOB_500796,2.760075564419478,1
CAND_000990,JOB_872988,1.971605358809469,1
CAND_000990,JOB_1119226,2.912605695471365,1
CAND_000990,JOB_1205928,2.23192761527582,1
CAND_000990,JOB_531212,2.263888109622688,1
CAND_000990,JOB_048966,2.2661228595848426,1
CAND_000990,JOB_147674,2.3703791689401457,1
CAND_000990,JOB_049609,1.8902632613711612,1
CAND_000115,JOB_613086,2.0730871818601804,1
CAND_000115,JOB_590015,2.1780330131557153,1
CAND_000115,JOB_263728,1.950041976016334,1
CAND_000115,JOB_571620,2.1617360479140224,1
CAND_000115,JOB_381239,1.8042903266344448,1
CAND_000966,JOB_248356,2.511141381258607,1
CAND_000529,JOB_797482,2.1227968751687776,1
CAND_000529,JOB_248356,2.8756459060296997,1
CAND_000847,JOB_571620,1.7948203292339162,1
CAND_000847,JOB_263728,1.982577978828141,1
CAND_000847,JOB_570759,2.5588168437455208,1
CAND_000847,JOB_381275,2.04383172602756,1
CAND_000799,JOB_248356,2.7302870019331054,1
CAND_000799,JOB_079013,1.182340537601701,1
CAND_000799,JOB_868922,2.3847105236811443,1
CAND_000600,JOB_248356,2.4929940083427966,1
CAND_000574,JOB_1119226,2.479814032186004,1
CAND_000574,JOB_147674,2.5903188515368134,1
CAND_000574,JOB_1205928,1.9549036603778105,1
CAND_000574,JOB_872988,2.1781559963876975,1
CAND_000574,JOB_531212,1.8247993469109158,1
CAND_000720,JOB_872988,2.456636531116031,1
CAND_000720,JOB_147674,1.584239775269479,1
CAND_000720,JOB_048966,1.8969962228370543,1
CAND_000720,JOB_1205928,1.6869760103418203,1
CAND_000720,JOB_570759,2.3205447769943173,1
CAND_000720,JOB_049609,2.4254071564825446,1
CAND_000720,JOB_1119226,2.515368574494241,1
CAND_000720,JOB_531212,2.3654716032126957,1
CAND_000720,JOB_500796,2.525225856643947,1
CAND_000467,JOB_286789,2.5018722058618934,1
CAND_000467,JOB_090120,1.7911759202086044,1
CAND_000467,JOB_1055886,2.1907953533336677,1
CAND_000467,JOB_032550,2.5509436935698733,1
CAND_000467,JOB_452489,1.4063756514616705,1
CAND_000467,JOB_811849,2.1502405200145907,1
CAND_000373,JOB_381458,2.783441723418994,1
CAND_000373,JOB_500796,2.904234562299398,1
CAND_000373,JOB_1205928,2.3968468284907987,1
CAND_000373,JOB_531212,2.270069151911135,1
CAND_000373,JOB_147674,1.9210151677290237,1
CAND_000373,JOB_1119226,2.406110761541136,1
CAND_000373,JOB_013936,2.4208747880186583,1
CAND_000373,JOB_380824,2.422932887309134,1
CAND_000373,JOB_049609,2.148524850117606,1
CAND_000133,JOB_590015,2.5068987925723865,1
CAND_000133,JOB_571620,1.7002898284593841,1
CAND_000303,JOB_571620,2.489854660360403,1
CAND_000303,JOB_263728,1.7762505564881226,1
CAND_000303,JOB_613086,2.7234239068542827,1
CAND_000303,JOB_590015,2.2177604964238835,1
CAND_000303,JOB_381239,1.6943580441398076,1
CAND_000408,JOB_571620,2.106868469215326,1
CAND_000408,JOB_381239,1.566858887076721,1
CAND_000408,JOB_590015,2.55507833737607,1
CAND_000408,JOB_263728,2.485863985452444,1
CAND_000408,JOB_613086,1.9014700869545127,1
CAND_000807,JOB_248356,3.1551955215147443,1
CAND_000833,JOB_048966,1.7321945323004395,1
CAND_000833,JOB_049609,2.145752980548479,1
CAND_000833,JOB_1205928,1.9006209016876303,1
CAND_000833,JOB_1119226,2.5669539061793256,1
CAND_000833,JOB_531212,2.534626457250754,1
CAND_000833,JOB_500796,2.4410558362248356,1
CAND_000833,JOB_147674,2.103652696444814,1
CAND_000833,JOB_872988,2.319507395228429,1
CAND_000607,JOB_452489,2.2631868060575973,1
CAND_000607,JOB_811849,1.6975696439947816,1
CAND_000607,JOB_1055886,1.8004942308639693,1
CAND_000607,JOB_286789,2.7719473369927417,1
CAND_000607,JOB_032550,2.3860589598966224,1
CAND_000607,JOB_090120,2.062095251461803,1
CAND_000965,JOB_381239,2.4075414332970415,1
CAND_000965,JOB_571620,1.611698365036299,1
CAND_000965,JOB_263728,2.5688255933034974,1
CAND_000965,JOB_613086,2.3569672967309856,1
CAND_000965,JOB_590015,2.342691271887124,1
CAND_000628,JOB_248356,2.651736415496712,1
CAND_000061,JOB_381239,1.8435129575871858,1
CAND_000061,JOB_571620,1.7051983113930393,1
CAND_000061,JOB_590015,2.2600604451555335,1
CAND_000061,JOB_263728,2.017361425457408,1
CAND_000061,JOB_613086,1.7292153030403719,1
CAND_000691,JOB_032550,2.2634387180639743,1
CAND_000691,JOB_286789,2.2971754353896796,1
CAND_000195,JOB_872988,2.2404674860352585,1
CAND_000595,JOB_049609,1.8363752818473196,1
CAND_000595,JOB_147674,1.8170668573522568,1
CAND_000595,JOB_500796,2.4092136435529916,1
CAND_000595,JOB_048966,2.021265167141945,1
CAND_000595,JOB_872988,3.1418767829411878,1
CAND_000595,JOB_1119226,2.3022725363518663,1
CAND_000595,JOB_531212,2.0557798802682354,1
CAND_000845,JOB_872988,2.901701220194261,1
CAND_000845,JOB_048966,2.038903867142098,1
CAND_000845,JOB_1205928,2.0110483511663793,1
CAND_000845,JOB_500796,2.441029148274023,1
CAND_000845,JOB_1119226,2.2522218319914207,1
CAND_000845,JOB_049609,2.3792895574336774,1
CAND_000845,JOB_147674,2.1898149131671336,1
CAND_000845,JOB_531212,1.5210556180855344,1
CAND_000596,JOB_571620,1.6731887428673435,1
CAND_000596,JOB_570759,2.0034301008958777,1
CAND_000596,JOB_381239,2.4749775889793306,1
CAND_000596,JOB_590015,2.086403060512836,1
CAND_000703,JOB_590015,2.204547610281846,1
CAND_000703,JOB_263728,2.0645084991157368,1
CAND_000703,JOB_381239,1.6670239783336656,1
CAND_000703,JOB_571620,2.746367300127594,1
CAND_000703,JOB_613086,2.615749294889407,1
CAND_000773,JOB_500796,2.0872592878366034,1
CAND_000773,JOB_1119226,2.5100285354376974,1
CAND_000773,JOB_531212,1.8408876743216984,1
CAND_000773,JOB_872988,2.828329187791568,1
CAND_000773,JOB_1205928,2.04159102381294,1
CAND_000773,JOB_147674,2.4225055062518166,1
CAND_000773,JOB_048966,1.7439170515996207,1
CAND_000773,JOB_049609,1.7152102469097525,1
CAND_000520,JOB_286789,3.100071613570323,1
CAND_000520,JOB_811849,2.3009742144125678,1
CAND_000520,JOB_032550,1.8439904561888114,1
CAND_000520,JOB_1055886,2.255197313331283,1
CAND_000520,JOB_090120,1.9440049121005882,1
CAND_000002,JOB_032550,2.108228274588234,1
CAND_000002,JOB_286789,2.887288508160123,1
CAND_000002,JOB_090120,1.5845533734506896,1
CAND_000002,JOB_1055886,2.254977551080048,1
CAND_000002,JOB_811849,1.9613737462197334,1
CAND_000002,JOB_452489,2.235503362757256,1
CAND_000271,JOB_872988,2.3381290494045355,1
CAND_000204,JOB_248356,2.475845237160049,1
CAND_000267,JOB_248356,2.344652354241538,1
CAND_000267,JOB_079013,1.3334686169161558,1
CAND_000267,JOB_868922,1.5769180368939253,1
CAND_000695,JOB_248356,2.9185540235870566,1
CAND_000357,JOB_1119226,2.450719685128102,1
CAND_000357,JOB_500796,2.1362083032983756,1
CAND_000357,JOB_531212,2.013856494437908,1
CAND_000357,JOB_147674,1.9121628036440887,1
CAND_000357,JOB_1205928,2.8271943175366125,1
CAND_000357,JOB_049609,2.301107574454095,1
CAND_000736,JOB_248356,2.313737752071324,1
CAND_000781,JOB_381239,2.4500716494550407,1
CAND_000781,JOB_590015,2.1950439866969513,1
CAND_000781,JOB_613086,1.9957294097949467,1
CAND_000781,JOB_571620,2.3714927726285797,1
CAND_000781,JOB_263728,2.418149127852945,1
CAND_000781,JOB_570759,2.309515679857707,1
CAND_000414,JOB_452489,2.0278745152911895,1
CAND_000414,JOB_032550,2.325645022773107,1
CAND_000414,JOB_1055886,2.4637353295289692,1
CAND_000414,JOB_090120,2.123044004841016,1
CAND_000414,JOB_811849,2.8317620591325596,1
CAND_000414,JOB_286789,2.5243430746473665,1
CAND_000803,JOB_570759,2.3253056509329464,1
CAND_000803,JOB_571620,1.881321009261292,1
CAND_000517,JOB_032550,1.8318227084034384,1
CAND_000517,JOB_1055886,2.2561062650882193,1
CAND_000517,JOB_090120,2.356744213343764,1
CAND_000517,JOB_811849,2.0870179407085563,1
CAND_000517,JOB_286789,2.5200823996515864,1
CAND_000088,JOB_286789,2.9038690253076287,1
CAND_000088,JOB_452489,2.1769356748582345,1
CAND_000088,JOB_811849,2.4794851247094534,1
CAND_000088,JOB_090120,2.0345793624919666,1
CAND_000088,JOB_365566,1.7181834594707293,1
CAND_000088,JOB_1055886,1.5677878161977992,1
CAND_000088,JOB_032550,2.1273643338274675,1
CAND_000452,JOB_248356,2.3406487228351676,1
CAND_000737,JOB_452489,1.101873239280257,1
CAND_000737,JOB_811849,2.4894509233780227,1
CAND_000737,JOB_032550,2.1276267043913264,1
CAND_000737,JOB_1055886,2.369874778019573,1
CAND_000737,JOB_286789,3.301282643380026,1
CAND_000737,JOB_090120,1.9523930115900872,1
CAND_000507,JOB_032550,2.576458702836125,1
CAND_000507,JOB_286789,2.4391399771432023,1
CAND_000358,JOB_571620,2.795372347292778,1
CAND_000358,JOB_381239,1.8303768396926767,1
CAND_000358,JOB_613086,1.9112975584409995,1
CAND_000358,JOB_590015,1.959744395539652,1
CAND_000358,JOB_263728,1.8997836832167994,1
CAND_000802,JOB_248356,2.6025563693740015,1
CAND_000802,JOB_079013,2.065856605857561,1
CAND_000802,JOB_868922,2.540304143576769,1
CAND_000488,JOB_1119226,2.2154402985751096,1
CAND_000488,JOB_380824,1.6367301523990014,1
CAND_000488,JOB_531212,1.479899455375827,1
CAND_000488,JOB_872988,2.4088356370460966,1
CAND_000488,JOB_013936,1.8984204841420564,1
CAND_000488,JOB_573447,1.571401235942546,1
CAND_000488,JOB_048966,2.4120298705361045,1
CAND_000488,JOB_1205928,2.135321586742923,1
CAND_000488,JOB_570759,1.5837231048922342,1
CAND_000488,JOB_049609,2.3598744262697484,1
CAND_000488,JOB_500796,2.775938036842539,1
CAND_000488,JOB_381458,1.815090128432242,1
CAND_000777,JOB_079013,2.3386930669837054,1
CAND_000777,JOB_368869,1.6350885259337749,1
CAND_000777,JOB_248356,2.2462548467876764,1
CAND_000389,JOB_500796,2.3710542088951976,1
CAND_000389,JOB_049609,2.271878758573942,1
CAND_000389,JOB_531212,2.336809142827568,1
CAND_000389,JOB_872988,2.600859958751075,1
CAND_000389,JOB_048966,2.0134729010676096,1
CAND_000389,JOB_1205928,1.4964506802274433,1
CAND_000389,JOB_147674,2.33468523718346,1
CAND_000389,JOB_570759,1.75059036245499,1
CAND_000389,JOB_1119226,2.635466356499638,1
CAND_000939,JOB_032550,2.632340223631256,1
CAND_000939,JOB_811849,2.3203636126652625,1
CAND_000939,JOB_452489,1.6144261187114943,1
CAND_000939,JOB_090120,2.130044555416415,1
CAND_000939,JOB_286789,2.5917506078273616,1
CAND_000939,JOB_1055886,1.703008625005673,1
CAND_000516,JOB_872988,2.107402918879478,1
CAND_000516,JOB_531212,1.8518206949475833,1
CAND_000516,JOB_048966,1.524370819987642,1
CAND_000516,JOB_1119226,3.008525947404494,1
CAND_000516,JOB_049609,2.079668577947315,1
CAND_000516,JOB_1205928,2.3033480416537904,1
CAND_000298,JOB_868922,1.8680715464383175,1
CAND_000298,JOB_248356,3.0342808422358902,1
CAND_000298,JOB_079013,1.9392403313915543,1
CAND_000732,JOB_613086,2.428373618716493,1
CAND_000732,JOB_571620,1.994721344505586,1
CAND_000732,JOB_590015,2.256807970257692,1
CAND_000732,JOB_381239,1.8711620946950105,1
CAND_000732,JOB_263728,2.22487235979192,1
CAND_000605,JOB_381275,1.9923931858940351,1
CAND_000605,JOB_263728,2.3813789285957445,1
CAND_000797,JOB_248356,2.422670991083825,1
CAND_000255,JOB_286789,2.4223335325888984,1
CAND_000761,JOB_286789,1.9791458374896798,1
CAND_000097,JOB_248356,2.976164798792836,1
CAND_000711,JOB_590015,2.316181452835175,1
CAND_000711,JOB_263728,2.245790727098096,1
CAND_000711,JOB_571620,2.2122039225202097,1
CAND_000711,JOB_613086,1.5153627892757346,1
CAND_000711,JOB_381239,2.229432888047126,1
CAND_000819,JOB_248356,2.0582997264514304,1
CAND_000289,JOB_570759,2.3260191375793084,1
CAND_000289,JOB_571620,2.8368360966359036,1
CAND_000289,JOB_381239,2.700188112916436,1
CAND_000289,JOB_590015,2.058539146971879,1
CAND_000590,JOB_248356,2.368414989509741,1
CAND_000928,JOB_868922,1.827033623372875,1
CAND_000928,JOB_248356,3.132960453980942,1
CAND_000859,JOB_286789,2.652406173772021,1
CAND_000859,JOB_811849,2.3208997306090953,1
CAND_000859,JOB_1055886,2.3687958829569045,1
CAND_000859,JOB_365566,1.9483748313625548,1
CAND_000859,JOB_452489,1.778933606767865,1
CAND_000859,JOB_032550,2.4550258862445204,1
CAND_000859,JOB_090120,2.6272425118540923,1
CAND_000559,JOB_1055886,2.9821219374374994,1
CAND_000559,JOB_090120,2.06720199775451,1
CAND_000559,JOB_286789,2.4611798365405964,1
CAND_000559,JOB_811849,2.321774635528395,1
CAND_000559,JOB_032550,2.0720393562794954,1
CAND_000559,JOB_452489,2.2123369462333256,1
CAND_000884,JOB_590015,2.440342276412589,1
CAND_000884,JOB_381239,2.1073973826707775,1
CAND_000884,JOB_263728,2.4467446437235156,1
CAND_000884,JOB_613086,2.469474136220235,1
CAND_000884,JOB_571620,2.575984945756146,1
CAND_000678,JOB_190572,2.416359091706424,1
CAND_000678,JOB_500796,2.2595121681916326,1
CAND_000678,JOB_872988,2.1450792773788123,1
CAND_000306,JOB_613086,1.790781181865025,1
CAND_000306,JOB_571620,2.555098180116477,1
CAND_000306,JOB_381239,2.341645797195362,1
CAND_000306,JOB_590015,2.1544771839546537,1
CAND_000306,JOB_263728,2.4167145072380993,1
CAND_000886,JOB_613086,2.1022597181913993,1
CAND_000886,JOB_590015,2.1060342773145657,1
CAND_000886,JOB_571620,2.0511095211123695,1
CAND_000886,JOB_263728,2.0637508954614128,1
CAND_000886,JOB_381239,2.370427879406668,1
CAND_000491,JOB_452489,1.7029695645930536,1
CAND_000491,JOB_286789,3.4341709162812917,1
CAND_000491,JOB_032550,2.222774412598913,1
CAND_000491,JOB_1055886,1.7838136414835415,1
CAND_000491,JOB_811849,2.2204907886878567,1
CAND_000491,JOB_090120,1.8345358644472312,1
CAND_000497,JOB_590015,1.8703786241683455,1
CAND_000497,JOB_613086,1.9104096777054007,1
CAND_000497,JOB_263728,2.638719225868805,1
CAND_000497,JOB_381239,2.472273771618148,1
CAND_000497,JOB_571620,2.193493184027068,1
CAND_000381,JOB_263728,1.8794983164013597,1
CAND_000381,JOB_571620,1.6931677274230315,1
CAND_000290,JOB_049609,2.104078475556274,1
CAND_000290,JOB_380824,2.107877699089381,1
CAND_000290,JOB_190572,2.540084509828641,1
CAND_000290,JOB_570759,2.2186414144056688,1
CAND_000290,JOB_531212,1.876971659581806,1
CAND_000290,JOB_1205928,2.2728600808618893,1
CAND_000318,JOB_248356,2.4871644616044644,1
CAND_000324,JOB_570759,1.9618226602152915,1
CAND_000037,JOB_286789,2.635093371770261,1
CAND_000037,JOB_452489,2.301000372981283,1
CAND_000037,JOB_032550,2.0304063580284626,1
CAND_000037,JOB_811849,2.393601224068984,1
CAND_000037,JOB_090120,1.9120940913779747,1
CAND_000037,JOB_1055886,1.9043240396278833,1
CAND_000123,JOB_380824,1.888046221612862,1
CAND_000123,JOB_500796,2.2883461013618276,1
CAND_000123,JOB_1119226,2.5973109357984354,1
CAND_000123,JOB_147674,2.508865928607485,1
CAND_000123,JOB_1205928,1.5090988978091047,1
CAND_000123,JOB_190572,2.153059165697068,1
CAND_000123,JOB_531212,2.156068003166416,1
CAND_000123,JOB_048966,2.2352356240267346,1
CAND_000123,JOB_049609,2.4831227238763764,1
CAND_000257,JOB_365566,2.0387336913373075,1
CAND_000257,JOB_811849,2.354137327837152,1
CAND_000257,JOB_090120,2.7907024300997243,1
CAND_000257,JOB_286789,2.2264191379923757,1
CAND_000257,JOB_032550,2.0797254314223026,1
CAND_000456,JOB_570759,1.7777292107817486,1
CAND_000456,JOB_571620,2.639626018585245,1
CAND_000456,JOB_381239,2.400422472843725,1
CAND_000142,JOB_248356,2.442214230458409,1
CAND_000493,JOB_286789,2.436453424873078,1
CAND_000139,JOB_090120,1.889886336068229,1
CAND_000139,JOB_032550,2.2907041066680027,1
CAND_000139,JOB_452489,2.1017007303046165,1
CAND_000139,JOB_811849,2.5075307779068927,1
CAND_000139,JOB_286789,3.1564793591030504,1
CAND_000139,JOB_1055886,2.3205418032468295,1
CAND_000359,JOB_571620,2.5336607982825257,1
CAND_000359,JOB_381239,1.8744858621326868,1
CAND_000359,JOB_613086,1.7297491027510543,1
CAND_000359,JOB_590015,2.207535103618666,1
CAND_000359,JOB_263728,2.041497669828247,1
CAND_000649,JOB_248356,2.662965625005445,1
CAND_000649,JOB_868922,1.914863931247343,1
CAND_000776,JOB_147674,2.053112714884242,1
CAND_000776,JOB_872988,2.5933866908344743,1
CAND_000776,JOB_1119226,2.0460476612771785,1
CAND_000776,JOB_500796,2.7419454282619027,1
CAND_000776,JOB_1205928,1.6792727740550824,1
CAND_000776,JOB_049609,2.0925515890067823,1
CAND_000776,JOB_531212,2.491761110706995,1
CAND_000776,JOB_048966,2.2638346008851564,1
CAND_000035,JOB_090120,1.9347583463055937,1
CAND_000035,JOB_811849,1.9636769696033836,1
CAND_000035,JOB_032550,3.1275437646665627,1
CAND_000035,JOB_452489,2.390356348019072,1
CAND_000035,JOB_286789,2.331251256402905,1
CAND_000035,JOB_1055886,2.865788963191638,1
CAND_000618,JOB_248356,2.7824041832860065,1
CAND_000029,JOB_571620,2.16839892147685,1
CAND_000029,JOB_263728,2.22790982365641,1
CAND_000029,JOB_613086,2.01408340141367,1
CAND_000029,JOB_590015,2.019642331110823,1
CAND_000029,JOB_381239,1.9587937940879425,1
CAND_000748,JOB_049609,1.314921087078186,1
CAND_000748,JOB_500796,2.5111543778770202,1
CAND_000748,JOB_147674,2.3464263229493647,1
CAND_000748,JOB_872988,2.702320418904778,1
CAND_000748,JOB_1205928,2.313943867542913,1
CAND_000748,JOB_531212,2.174343968341422,1
CAND_000748,JOB_570759,1.907978170047021,1
CAND_000748,JOB_1119226,2.556323231246647,1
CAND_000748,JOB_048966,1.8141700273687111,1
CAND_000575,JOB_263728,2.6800443875845925,1
CAND_000370,JOB_500796,2.538921150388061,1
CAND_000370,JOB_1119226,2.2678239012033803,1
CAND_000370,JOB_872988,2.891812567171745,1
CAND_000370,JOB_147674,1.7682983644984238,1
CAND_000370,JOB_049609,1.7958133458946381,1
CAND_000468,JOB_868922,2.151441852963805,1
CAND_000468,JOB_248356,2.6831365206074365,1
CAND_000038,JOB_248356,2.1498412571399728,1
CAND_000512,JOB_248356,2.8167935996296523,1
CAND_000225,JOB_868922,1.8761302641530477,1
CAND_000225,JOB_248356,2.6942294695226434,1
CAND_000225,JOB_079013,2.1689645368017922,1
CAND_000855,JOB_872988,2.7626214363598236,1
CAND_000855,JOB_570759,2.376597548993839,1
CAND_000855,JOB_147674,2.0366257925566797,1
CAND_000855,JOB_531212,1.4997350424605704,1
CAND_000855,JOB_048966,1.5969553209238707,1
CAND_000855,JOB_500796,2.3495178654921562,1
CAND_000855,JOB_049609,2.287826405915531,1
CAND_000855,JOB_1119226,2.215469634618193,1
CAND_000855,JOB_1205928,2.3134277642149366,1
CAND_000792,JOB_286789,2.3355477569326366,1
CAND_000922,JOB_571620,2.089544908950122,1
CAND_000922,JOB_263728,2.0852569297943493,1
CAND_000922,JOB_590015,2.1754818363888897,1
CAND_000922,JOB_381239,2.3313200588195784,1
CAND_000922,JOB_613086,1.6103496628214184,1
CAND_000157,JOB_452489,2.6480995095890663,1
CAND_000157,JOB_1055886,2.370359939023829,1
CAND_000157,JOB_032550,2.7385131266605875,1
CAND_000157,JOB_286789,3.3021822793218782,1
CAND_000157,JOB_090120,2.2025189858171323,1
CAND_000968,JOB_286789,3.1466284766263413,1
CAND_000968,JOB_032550,2.8316863044290295,1
CAND_000968,JOB_1055886,2.2548151209702954,1
CAND_000968,JOB_090120,2.032710770524591,1
CAND_000968,JOB_452489,1.5697076783027943,1
CAND_000968,JOB_811849,2.054914431661759,1
CAND_000021,JOB_381239,2.3023556310533135,1
CAND_000021,JOB_263728,2.5626532941189946,1
CAND_000021,JOB_590015,2.3023875411608365,1
CAND_000021,JOB_571620,1.952713188751669,1
CAND_000021,JOB_613086,2.4845579973471668,1
CAND_000780,JOB_248356,2.908516829159764,1
CAND_000972,JOB_531212,2.2079048000907204,1
CAND_000972,JOB_570759,2.209571452173123,1
CAND_000972,JOB_380824,1.966729837637082,1
CAND_000972,JOB_872988,3.1389023178470583,1
CAND_000972,JOB_381458,2.1931952082407546,1
CAND_000972,JOB_573447,2.2044000471380842,1
CAND_000972,JOB_1205928,2.072290706767821,1
CAND_000972,JOB_049609,2.108984823876777,1
CAND_000972,JOB_013936,2.0021650889862923,1
CAND_000972,JOB_048966,2.1748927697770415,1
CAND_000972,JOB_500796,2.8940642147367033,1
CAND_000866,JOB_613086,2.4620035801526994,1
CAND_000866,JOB_590015,2.1660923165123007,1
CAND_000866,JOB_571620,2.0894432960832723,1
CAND_000866,JOB_263728,2.4357717098257967,1
CAND_000866,JOB_381239,2.2039268813335315,1
CAND_000877,JOB_868922,1.782245700077122,1
CAND_000877,JOB_248356,2.516481387577314,1
CAND_000660,JOB_079013,2.144317419969908,1
CAND_000660,JOB_868922,1.6473806025032507,1
CAND_000660,JOB_248356,2.616700944229153,1
CAND_000477,JOB_248356,2.573888320702379,1
CAND_000996,JOB_248356,2.9045014954128416,1
CAND_000977,JOB_248356,2.934670942725193,1
CAND_000052,JOB_500796,2.070641251784611,1
CAND_000052,JOB_872988,2.891365499712333,1
CAND_000052,JOB_1119226,2.7670623874734215,1
CAND_000052,JOB_049609,2.2866395823817083,1
CAND_000052,JOB_147674,1.991488211466801,1
CAND_000286,JOB_500796,2.6865551096506946,1
CAND_000286,JOB_147674,2.5550242646569425,1
CAND_000286,JOB_1119226,2.277820217842859,1
CAND_000286,JOB_531212,2.4543888632116664,1
CAND_000286,JOB_048966,2.420972341067111,1
CAND_000286,JOB_049609,2.174100925660518,1
CAND_000286,JOB_570759,2.2263400428507416,1
CAND_000506,JOB_049609,2.285752914322206,1
CAND_000506,JOB_570759,2.1818226324797365,1
CAND_000506,JOB_500796,2.521318082860004,1
CAND_000506,JOB_531212,2.8113927535347774,1
CAND_000506,JOB_872988,2.3868532634377457,1
CAND_000506,JOB_048966,2.151193788344721,1
CAND_000506,JOB_147674,1.6127667916863515,1
CAND_000506,JOB_1205928,2.417183062944533,1
CAND_000506,JOB_1119226,2.1561621764021446,1
CAND_000935,JOB_049609,2.0860248091957825,1
CAND_000935,JOB_1119226,1.8868946473762611,1
CAND_000935,JOB_531212,1.957892791444977,1
CAND_000935,JOB_147674,2.2400792541876453,1
CAND_000935,JOB_872988,2.486120589141849,1
CAND_000935,JOB_500796,2.396480978425137,1
CAND_000935,JOB_048966,2.252828894738098,1
CAND_000935,JOB_1205928,1.877316360966166,1
CAND_000955,JOB_452489,2.210140416866851,1
CAND_000955,JOB_032550,2.2411414613725036,1
CAND_000955,JOB_1055886,2.19439384459559,1
CAND_000955,JOB_090120,1.9520444099456762,1
CAND_000955,JOB_811849,2.0718769030067494,1
CAND_000955,JOB_286789,2.449631148892804,1
CAND_000870,JOB_571620,2.742252530271933,1
CAND_000870,JOB_590015,1.8944528993393692,1
CAND_000870,JOB_263728,2.1177862578288282,1
CAND_000870,JOB_381239,1.9827025291046119,1
CAND_000870,JOB_613086,1.8828672208768613,1
CAND_000137,JOB_365566,1.65456131464701,1
CAND_000137,JOB_286789,2.5747444680390226,1
CAND_000837,JOB_571620,2.2291839115582457,1
CAND_000837,JOB_590015,2.1355154231239273,1
CAND_000837,JOB_263728,2.2699581594195104,1
CAND_000837,JOB_613086,1.8119987131127575,1
CAND_000837,JOB_381239,1.8074797143506527,1
CAND_000676,JOB_090120,1.8247331481329914,1
CAND_000676,JOB_286789,2.66890704667676,1
CAND_000676,JOB_452489,2.460468972042241,1
CAND_000676,JOB_811849,1.8459856564872617,1
CAND_000676,JOB_1055886,1.7752334392042313,1
CAND_000676,JOB_032550,2.718993403864597,1
CAND_000153,JOB_286789,2.9338225190927214,1
CAND_000153,JOB_032550,2.10260453041094,1
CAND_000007,JOB_090120,2.444000697150453,1
CAND_000007,JOB_452489,2.1285114946691577,1
CAND_000007,JOB_286789,2.937978681725355,1
CAND_000007,JOB_811849,1.8778837303217584,1
CAND_000007,JOB_1055886,1.3988285490880592,1
CAND_000007,JOB_032550,2.5819714716991355,1
CAND_000515,JOB_090120,1.5781249715364947,1
CAND_000515,JOB_452489,2.2497971022752705,1
CAND_000515,JOB_451828,2.534398746695698,1
CAND_000515,JOB_286789,2.6225836281996515,1
CAND_000515,JOB_032550,2.0741122898946958,1
CAND_000515,JOB_811849,2.180425373096073,1
CAND_000733,JOB_570759,2.124620427846213,1
CAND_000733,JOB_048966,1.9579677035091305,1
CAND_000733,JOB_1205928,1.6328842030628081,1
CAND_000733,JOB_500796,2.0424316776729237,1
CAND_000733,JOB_872988,2.353220478603985,1
CAND_000733,JOB_531212,1.916328125635122,1
CAND_000733,JOB_1119226,2.71770655698191,1
CAND_000838,JOB_248356,2.4551006879172026,1
CAND_000284,JOB_286789,2.6718153948645904,1
CAND_000284,JOB_1055886,1.9471737098493653,1
CAND_000284,JOB_032550,2.059982725497592,1
CAND_000284,JOB_090120,2.421250741091782,1
CAND_000284,JOB_811849,1.570755844825712,1
CAND_000785,JOB_571620,2.163581030099594,1
CAND_000785,JOB_381239,2.0485516630651133,1
CAND_000785,JOB_570759,1.9604194152676466,1
CAND_000521,JOB_1055886,2.3742113935557154,1
CAND_000521,JOB_452489,2.0843290310819436,1
CAND_000521,JOB_286789,3.017574807878652,1
CAND_000521,JOB_811849,2.2128120813460193,1
CAND_000521,JOB_090120,1.8246596915651758,1
CAND_000521,JOB_032550,2.379350763935349,1
CAND_000994,JOB_032550,2.1247267396578025,1
CAND_000994,JOB_1055886,2.2494696773920926,1
CAND_000994,JOB_452489,2.4821421835604203,1
CAND_000994,JOB_286789,2.9199914289286544,1
CAND_000994,JOB_811849,2.236396735879197,1
CAND_000994,JOB_090120,1.9038550393735045,1
CAND_000816,JOB_872988,2.2675148748993075,1
CAND_000816,JOB_147674,2.123682025073802,1
CAND_000816,JOB_570759,1.9742977199392628,1
CAND_000816,JOB_500796,2.181483743780981,1
CAND_000816,JOB_048966,2.3040166629699295,1
CAND_000816,JOB_049609,2.748566602623934,1
CAND_000816,JOB_1205928,1.5241745831244917,1
CAND_000816,JOB_531212,2.3295282042765906,1
CAND_000816,JOB_1119226,2.483658572817178,1
CAND_000984,JOB_452489,1.7874644913559257,1
CAND_000984,JOB_032550,1.9998672820632168,1
CAND_000984,JOB_1055886,2.0865118780279457,1
CAND_000984,JOB_090120,1.9887613427847897,1
CAND_000984,JOB_811849,1.894768703792879,1
CAND_000984,JOB_286789,2.581325200814926,1
CAND_000372,JOB_868922,1.443054011711841,1
CAND_000372,JOB_248356,2.560875575270679,1
CAND_000046,JOB_381458,1.6077845814141074,1
CAND_000046,JOB_1119226,2.7888985720122044,1
CAND_000046,JOB_147674,2.170309886873329,1
CAND_000046,JOB_1279290,2.736486875101641,1
CAND_000046,JOB_531212,2.769619063563847,1
CAND_000046,JOB_1205928,2.391277427716182,1
CAND_000046,JOB_380824,2.082078268246618,1
CAND_000046,JOB_013936,1.4718470359579863,1
CAND_000046,JOB_190572,2.1185699465197914,1
CAND_000731,JOB_248356,2.4790254374615657,1
CAND_000312,JOB_1055886,1.6336536430894855,1
CAND_000312,JOB_090120,2.0300596847796886,1
CAND_000312,JOB_032550,3.0210062081133175,1
CAND_000312,JOB_286789,2.937019394208101,1
CAND_000312,JOB_811849,1.8116389190810085,1
CAND_000762,JOB_811849,2.1139332670798616,1
CAND_000762,JOB_090120,2.308733994108633,1
CAND_000762,JOB_1055886,1.6959532744527506,1
CAND_000762,JOB_032550,2.5226915816211744,1
CAND_000762,JOB_286789,3.147730697013325,1
CAND_000109,JOB_500796,1.9187631027717704,1
CAND_000109,JOB_570759,1.9698302577274105,1
CAND_000109,JOB_1205928,2.4915294496077665,1
CAND_000109,JOB_872988,2.4569630400243083,1
CAND_000109,JOB_531212,2.5583595865726023,1
CAND_000109,JOB_1119226,2.077736338096612,1
CAND_000109,JOB_048966,2.383284637793968,1
CAND_000081,JOB_1119226,2.203834904981044,1
CAND_000081,JOB_1205928,1.8974404700958416,1
CAND_000081,JOB_049609,2.1637182906437817,1
CAND_000081,JOB_872988,2.4175846201185744,1
CAND_000081,JOB_500796,2.5279709123961487,1
CAND_000081,JOB_048966,2.540496524167591,1
CAND_000081,JOB_147674,1.7289478113171963,1
CAND_000081,JOB_531212,2.4661494207618393,1
CAND_000505,JOB_500796,2.3129887174966153,1
CAND_000505,JOB_1205928,2.415124576914492,1
CAND_000505,JOB_872988,2.6286706335788628,1
CAND_000505,JOB_147674,2.0242065865010024,1
CAND_000505,JOB_531212,1.965629601463125,1
CAND_000505,JOB_049609,1.921958292243596,1
CAND_000505,JOB_1119226,2.1047077147023896,1
CAND_000505,JOB_048966,2.6083663898377853,1
CAND_000899,JOB_090120,2.108215994188508,1
CAND_000899,JOB_365566,2.290317723808366,1
CAND_000899,JOB_032550,2.020572419558953,1
CAND_000899,JOB_452489,2.0833763980455964,1
CAND_000899,JOB_286789,2.2735206128325305,1
CAND_000292,JOB_868922,2.1021172888656534,1
CAND_000292,JOB_079013,2.3473951467133083,1
CAND_000292,JOB_248356,2.798950004488062,1
CAND_000790,JOB_090120,2.163526045795101,1
CAND_000790,JOB_811849,2.5841944454708536,1
CAND_000790,JOB_032550,2.421421354339271,1
CAND_000790,JOB_1055886,2.1497140353368622,1
CAND_000790,JOB_286789,3.0933722228959795,1
CAND_000790,JOB_452489,1.922890298843552,1
CAND_000422,JOB_1119226,2.446872556312024,1
CAND_000422,JOB_500796,2.3441342711354625,1
CAND_000422,JOB_531212,1.8078349216043412,1
CAND_000422,JOB_1205928,2.062718453601041,1
CAND_000422,JOB_049609,2.2681381312082545,1
CAND_000422,JOB_048966,2.106472137773487,1
CAND_000422,JOB_872988,2.435597992116014,1
CAND_000422,JOB_147674,2.357811233885347,1
CAND_000569,JOB_868922,2.5148687710617583,1
CAND_000569,JOB_248356,2.5712436720149796,1
CAND_000752,JOB_1119226,2.348695580104234,1
CAND_000752,JOB_049609,2.055475292986506,1
CAND_000752,JOB_531212,2.67004710049631,1
CAND_000752,JOB_1205928,2.3139771274065493,1
CAND_000752,JOB_147674,1.8096766247147382,1
CAND_000752,JOB_500796,2.180778834397134,1
CAND_000215,JOB_248356,2.4594681217850973,1
CAND_000215,JOB_079013,1.7000886659942942,1
CAND_000215,JOB_868922,2.1546370052797936,1
CAND_000428,JOB_286789,2.154378762233289,1
CAND_000840,JOB_1119226,2.2957943195081505,1
CAND_000840,JOB_147674,2.3433634167908473,1
CAND_000840,JOB_1279290,2.4763460509342257,1
CAND_000840,JOB_1205928,1.9260791858283757,1
CAND_000840,JOB_380824,2.2803937616817165,1
CAND_000840,JOB_500796,2.15879659679977,1
CAND_000075,JOB_531212,1.8943409733337457,1
CAND_000075,JOB_1119226,2.6728922029993116,1
CAND_000075,JOB_500796,2.3531706462858137,1
CAND_000075,JOB_049609,2.095799700069647,1
CAND_000075,JOB_048966,2.3682770977705605,1
CAND_000075,JOB_872988,2.89634704520146,1
CAND_000075,JOB_147674,2.075189162702661,1
CAND_000075,JOB_1205928,2.0084643300043994,1
CAND_000183,JOB_248356,2.2112044616155684,1
CAND_000580,JOB_1119226,2.629952961840026,1
CAND_000580,JOB_048966,2.408033049114505,1
CAND_000580,JOB_147674,1.9339931293620702,1
CAND_000580,JOB_872988,3.0524552018797433,1
CAND_000580,JOB_500796,2.3365667258988894,1
CAND_000580,JOB_531212,2.0998504291320703,1
CAND_000890,JOB_872988,2.401534964008625,1
CAND_000924,JOB_381275,2.0041250350272457,1
CAND_000924,JOB_263728,1.5804768586512974,1
CAND_000724,JOB_190572,2.163851937048736,1
CAND_000724,JOB_500796,2.5564709333229265,1
CAND_000724,JOB_872988,2.072268061161198,1
CAND_000724,JOB_1119226,2.6897294707055797,1
CAND_000499,JOB_381239,2.0350929217822284,1
CAND_000499,JOB_590015,1.7175039572696806,1
CAND_000499,JOB_571620,2.2810813390161786,1
CAND_000499,JOB_263728,1.895430954442112,1
CAND_000499,JOB_613086,2.110791148414987,1
CAND_000912,JOB_248356,2.2441121058426883,1
CAND_000912,JOB_868922,2.2412607484592666,1
CAND_000341,JOB_248356,2.578601826598874,1
CAND_000391,JOB_452489,2.4757552464112305,1
CAND_000391,JOB_811849,2.3579299236012217,1
CAND_000391,JOB_286789,2.986778302871723,1
CAND_000391,JOB_032550,3.1193808736189235,1
CAND_000391,JOB_1055886,2.366152232561485,1
CAND_000391,JOB_090120,2.1125651524429134,1
CAND_000426,JOB_032550,2.722725170286982,1
CAND_000426,JOB_1055886,2.1630044986073247,1
CAND_000426,JOB_452489,1.42648242523524,1
CAND_000426,JOB_286789,2.9735070572937055,1
CAND_000426,JOB_090120,2.091983989099384,1
CAND_000426,JOB_811849,2.476206814931405,1
CAND_000349,JOB_1119226,2.0398248409200423,1
CAND_000349,JOB_872988,2.8200212749862006,1
CAND_000349,JOB_048966,1.838954528698098,1
CAND_000349,JOB_049609,2.060634325327476,1
CAND_000349,JOB_147674,2.070303771643248,1
CAND_000349,JOB_1205928,2.0994927697968317,1
CAND_000921,JOB_590015,2.0346745938997417,1
CAND_000921,JOB_613086,1.8240370241087014,1
CAND_000921,JOB_263728,1.826664268059526,1
CAND_000921,JOB_571620,2.360044680749642,1
CAND_000921,JOB_381239,2.9616570524742123,1
CAND_000245,JOB_590015,2.3476302642336364,1
CAND_000245,JOB_571620,2.6100941376188778,1
CAND_000245,JOB_570759,2.187855131474971,1
CAND_000245,JOB_263728,1.8145223441569138,1
CAND_000245,JOB_613086,2.5386096061690417,1
CAND_000245,JOB_381239,2.1555100805200795,1
CAND_000083,JOB_248356,1.9529945423030297,1
CAND_000853,JOB_570759,1.9538141861122842,1
CAND_000853,JOB_500796,2.3132704406139686,1
CAND_000853,JOB_872988,2.2981175974057892,1
CAND_000080,JOB_570759,2.158151058210625,1
CAND_000080,JOB_571620,1.8832852386434664,1
CAND_000329,JOB_248356,2.4956560299791617,1
CAND_000230,JOB_500796,2.351848700391864,1
CAND_000230,JOB_190572,1.7627994352425345,1
CAND_000230,JOB_872988,2.7246301863039593,1
CAND_000915,JOB_248356,2.7546289976587635,1
CAND_000915,JOB_079013,1.6327219739383239,1
CAND_000718,JOB_032550,2.3706343990969203,1
CAND_000718,JOB_090120,2.111757745751626,1
CAND_000718,JOB_1055886,2.018682205847051,1
CAND_000718,JOB_452489,1.675723403198088,1
CAND_000718,JOB_286789,2.821004612434599,1
CAND_000718,JOB_811849,2.0974080178662704,1
CAND_000187,JOB_248356,2.6082730992124548,1
CAND_000073,JOB_811849,2.1585300578303586,1
CAND_000073,JOB_032550,2.7591396170378677,1
CAND_000073,JOB_452489,2.5192121886395564,1
CAND_000073,JOB_1055886,2.5494600684568893,1
CAND_000073,JOB_286789,2.534524301201751,1
CAND_000719,JOB_286789,2.908970867658343,1
CAND_000719,JOB_032550,2.3379892328467853,1
CAND_000719,JOB_090120,2.8177400161964545,1
CAND_000719,JOB_811849,1.7244375027036272,1
CAND_000719,JOB_1055886,2.1370081934385894,1
CAND_000719,JOB_452489,2.047246426946989,1
CAND_000594,JOB_286789,2.404867053156089,1
CAND_000594,JOB_032550,2.0983256553327774,1
CAND_000594,JOB_090120,2.375695498648142,1
CAND_000594,JOB_811849,2.0352833953774994,1
CAND_000594,JOB_1055886,1.8340443695606612,1
CAND_000989,JOB_868922,2.1337182815165705,1
CAND_000989,JOB_248356,2.3725446413144353,1
CAND_000339,JOB_286789,2.4424286220179927,1
CAND_000808,JOB_531212,2.2663719580708523,1
CAND_000808,JOB_1119226,2.4641959252745047,1
CAND_000808,JOB_048966,2.2585545259622566,1
CAND_000808,JOB_147674,2.0011188254294203,1
CAND_000808,JOB_049609,2.4394620318578184,1
CAND_000808,JOB_500796,2.231665131639001,1
CAND_000567,JOB_811849,2.5455336559448862,1
CAND_000567,JOB_090120,2.0716830516681206,1
CAND_000567,JOB_286789,2.87051921971133,1
CAND_000567,JOB_452489,2.223158058446936,1
CAND_000567,JOB_032550,2.4000447392704847,1
CAND_000077,JOB_248356,2.838556172753909,1
CAND_000210,JOB_590015,2.284625744570772,1
CAND_000210,JOB_613086,2.1511064586098003,1
CAND_000210,JOB_571620,1.9773265480282245,1
CAND_000210,JOB_381239,1.5826017901625837,1
CAND_000210,JOB_263728,2.1295986378948295,1
CAND_000190,JOB_032550,2.7250850989065176,1
CAND_000190,JOB_452489,2.043245059012854,1
CAND_000190,JOB_811849,1.8597069961257437,1
CAND_000190,JOB_090120,2.447717280261712,1
CAND_000190,JOB_286789,3.8865053512306256,1
CAND_000190,JOB_1055886,2.4797080562698204,1
CAND_000933,JOB_571620,2.6087821000597557,1
CAND_000933,JOB_590015,1.5994689895237335,1
CAND_000933,JOB_263728,1.9055616193658735,1
CAND_000933,JOB_613086,2.15501675085117,1
CAND_000933,JOB_381239,1.885229323165459,1
CAND_000716,JOB_571620,2.03977681106675,1
CAND_000716,JOB_263728,2.313760624867219,1
CAND_000716,JOB_570759,2.528310218694475,1
CAND_000827,JOB_381239,2.3739734079412385,1
CAND_000827,JOB_263728,2.525223191459441,1
CAND_000827,JOB_613086,2.101411302790523,1
CAND_000827,JOB_571620,2.47186579868714,1
CAND_000827,JOB_590015,2.4103444018755926,1
CAND_000536,JOB_263728,2.041538640850139,1
CAND_000536,JOB_571620,2.495119906995615,1
CAND_000536,JOB_590015,2.3798482403144283,1
CAND_000536,JOB_613086,2.079521570464066,1
CAND_000536,JOB_381239,2.578347541082294,1
CAND_000949,JOB_090120,2.8242433371786246,1
CAND_000949,JOB_452489,2.5683183787252934,1
CAND_000949,JOB_032550,2.32487600273705,1
CAND_000949,JOB_286789,3.0607094138057054,1
CAND_000949,JOB_365566,1.640720975064166,1
CAND_000457,JOB_147674,2.1492085930570872,1
CAND_000457,JOB_049609,2.2955191232006262,1
CAND_000457,JOB_500796,2.5085741372292523,1
CAND_000457,JOB_1119226,2.0979884838488574,1
CAND_000457,JOB_531212,2.441693375942895,1
CAND_000457,JOB_570759,1.6836620413778807,1
CAND_000457,JOB_048966,2.065619245654924,1
CAND_000457,JOB_1205928,1.8118164195619868,1
CAND_000457,JOB_872988,2.4676189241079385,1
CAND_000963,JOB_032550,2.5870170808447033,1
CAND_000963,JOB_090120,2.3545717549393377,1
CAND_000963,JOB_452489,1.7416980604725318,1
CAND_000963,JOB_811849,1.8221054911389507,1
CAND_000963,JOB_1055886,2.2724576887647845,1
CAND_000963,JOB_286789,2.7610521126232532,1
CAND_000511,JOB_248356,2.318436040862139,1
CAND_000987,JOB_248356,3.2117391929018493,1
CAND_000850,JOB_048966,1.7222078906189981,1
CAND_000850,JOB_500796,3.422987899801464,1
CAND_000850,JOB_049609,1.5009637785029457,1
CAND_000850,JOB_531212,2.120500622311473,1
CAND_000850,JOB_147674,2.0444578002513296,1
CAND_000850,JOB_872988,2.4475173374761643,1
CAND_000850,JOB_1205928,1.7727719657733017,1
CAND_000850,JOB_1119226,1.9901359722155714,1
CAND_000180,JOB_286789,2.1072244271385316,1
CAND_000918,JOB_248356,2.836705631858115,1
CAND_000264,JOB_090120,1.48581272846032,1
CAND_000264,JOB_452489,1.8043167891236207,1
CAND_000264,JOB_286789,3.0276639014885167,1
CAND_000264,JOB_032550,2.9889772845325857,1
CAND_000264,JOB_811849,2.590691632293999,1
CAND_000264,JOB_1055886,1.8457700757760898,1
CAND_000621,JOB_248356,2.999346526767888,1
CAND_000630,JOB_365566,2.267251181084372,1
CAND_000630,JOB_032550,2.042363974781858,1
CAND_000630,JOB_286789,2.6026057708724606,1
CAND_000259,JOB_248356,2.38003409697924,1
CAND_000557,JOB_381239,1.97297807484363,1
CAND_000557,JOB_571620,1.647665419295997,1
CAND_000557,JOB_263728,2.5177977902830424,1
CAND_000557,JOB_613086,1.9008917870740174,1
CAND_000557,JOB_590015,1.8277003347230831,1
CAND_000602,JOB_079013,2.2829288429136927,1
CAND_000602,JOB_248356,2.797470627862469,1
CAND_000602,JOB_868922,1.7613256544033038,1
CAND_000992,JOB_079013,1.9350374467952491,1
CAND_000992,JOB_248356,1.9004415312221075,1
CAND_000039,JOB_811849,2.3148136139568267,1
CAND_000039,JOB_286789,2.4381610752211245,1
CAND_000039,JOB_032550,2.2523253380415986,1
CAND_000039,JOB_090120,2.2831077377705213,1
CAND_000039,JOB_1055886,2.3913015690681863,1
CAND_000708,JOB_451966,1.9889487159911479,1
CAND_000639,JOB_248356,1.9862263177421184,1
CAND_000734,JOB_381239,2.146689537735305,1
CAND_000734,JOB_263728,2.694869027799526,1
CAND_000734,JOB_613086,1.911722448891209,1
CAND_000734,JOB_590015,2.212860480832997,1
CAND_000734,JOB_571620,2.2633890388488562,1
CAND_000999,JOB_248356,2.5227552566698015,1
CAND_000542,JOB_090120,2.4630364095698614,1
CAND_000542,JOB_032550,2.943761345239058,1
CAND_000542,JOB_811849,2.089870917830654,1
CAND_000542,JOB_286789,3.0067009506951603,1
CAND_000542,JOB_1055886,2.0167926396335347,1
CAND_000542,JOB_452489,1.9085108857685515,1
CAND_000263,JOB_286789,2.197864558572999,1
CAND_000573,JOB_872988,1.9677270392689348,1
CAND_000923,JOB_147674,1.9828758630867613,1
CAND_000923,JOB_872988,2.3374212112097035,1
CAND_000923,JOB_048966,2.7475060752746305,1
CAND_000923,JOB_049609,1.8153838444775081,1
CAND_000923,JOB_531212,2.1878477963729925,1
CAND_000923,JOB_1119226,2.410030356139178,1
CAND_000923,JOB_1205928,2.008776007382768,1
CAND_000783,JOB_500796,2.223129267577703,1
CAND_000783,JOB_1119226,2.205040590144146,1
CAND_000783,JOB_190572,1.8869028270563504,1
CAND_000783,JOB_872988,1.7351788276327385,1
CAND_000504,JOB_032550,1.9994430397600187,1
CAND_000504,JOB_1055886,2.2716360981029644,1
CAND_000504,JOB_286789,2.9111681229349853,1
CAND_000504,JOB_452489,1.7918978196154178,1
CAND_000504,JOB_090120,1.876601069115621,1
CAND_000504,JOB_811849,2.329129020765297,1
CAND_000919,JOB_248356,2.4540585621644624,1
CAND_000919,JOB_079013,2.0423590277241126,1
CAND_000092,JOB_381239,2.0529984566793007,1
CAND_000092,JOB_590015,2.384542574954674,1
CAND_000092,JOB_613086,1.961201643305675,1
CAND_000092,JOB_263728,1.778027796981561,1
CAND_000092,JOB_571620,2.334812623454643,1
CAND_000258,JOB_248356,2.935080376233111,1
CAND_000258,JOB_868922,2.035062035121093,1
CAND_000258,JOB_079013,2.1463272660876616,1
CAND_000087,JOB_248356,2.574634426363378,1
CAND_000874,JOB_1119226,2.567509576107052,1
CAND_000874,JOB_500796,3.138237231866231,1
CAND_000874,JOB_013936,2.051696369798496,1
CAND_000874,JOB_048966,2.36244648996218,1
CAND_000874,JOB_872988,2.753703172279738,1
CAND_000874,JOB_190572,1.707677609180323,1
CAND_000874,JOB_573447,2.1357051168628365,1
CAND_000874,JOB_049609,1.8278207531094592,1
CAND_000874,JOB_531212,2.507212732529879,1
CAND_000874,JOB_570759,1.8473315391560212,1
CAND_000874,JOB_1205928,1.7809222728946446,1
CAND_000874,JOB_381458,1.7565729323307817,1
CAND_000874,JOB_380824,2.4723981850244456,1
CAND_000864,JOB_248356,2.6995399262689412,1
CAND_000767,JOB_590015,1.9977650975545567,1
CAND_000767,JOB_263728,2.5380778724312516,1
CAND_000767,JOB_381239,2.4659306341299128,1
CAND_000767,JOB_613086,1.8728864803257181,1
CAND_000767,JOB_571620,2.643336270060011,1
CAND_000188,JOB_811849,2.009045691210475,1
CAND_000188,JOB_1055886,2.758525348129655,1
CAND_000188,JOB_452489,1.9732284276917118,1
CAND_000188,JOB_090120,2.5540706262131367,1
CAND_000188,JOB_032550,2.563383406907717,1
CAND_000188,JOB_286789,2.913731273133846,1
CAND_000322,JOB_090120,2.3072958961511505,1
CAND_000322,JOB_286789,2.2910847811591695,1
CAND_000322,JOB_032550,2.3686048317865542,1
CAND_000322,JOB_811849,2.1073812842957786,1
CAND_000322,JOB_1055886,1.8129433933161294,1
CAND_000669,JOB_500796,2.343757153591418,1
CAND_000669,JOB_872988,2.1646450779437396,1
CAND_000669,JOB_190572,2.3429674793717123,1
CAND_000672,JOB_286789,3.0137612918291747,1
CAND_000672,JOB_090120,2.232222943351954,1
CAND_000672,JOB_811849,2.3191468885741386,1
CAND_000672,JOB_032550,3.3214390971448724,1
CAND_000672,JOB_452489,1.6500164482083701,1
CAND_000672,JOB_1055886,2.247114383378891,1
CAND_000768,JOB_811849,1.9985809248879423,1
CAND_000768,JOB_1055886,1.6886156890003097,1
CAND_000768,JOB_286789,2.2667593469416563,1
CAND_000768,JOB_032550,2.3623113531208935,1
CAND_000768,JOB_090120,2.148982307462936,1
CAND_000904,JOB_190572,2.0128007337258946,1
CAND_000904,JOB_500796,2.3133227983188993,1
CAND_000904,JOB_872988,1.8834413933942105,1
CAND_000587,JOB_248356,2.1284961226042056,1
CAND_000387,JOB_248356,2.7330296941583474,1
CAND_000800,JOB_263728,2.14153222246191,1
CAND_000800,JOB_570759,2.176980171847128,1
CAND_000800,JOB_571620,2.396685134179822,1
CAND_000012,JOB_248356,2.464332380149094,1
CAND_000841,JOB_248356,2.8177342348604815,1
CAND_000841,JOB_868922,2.2806094972517004,1
CAND_000027,JOB_868922,1.6163494756571697,1
CAND_000027,JOB_248356,2.9003088374004835,1
CAND_000027,JOB_079013,2.0065373520582357,1
CAND_000673,JOB_571620,2.399279697369796,1
CAND_000673,JOB_263728,2.2453789159513557,1
CAND_000247,JOB_210551,2.3916970308740715,1
CAND_000247,JOB_248356,2.4647657803687117,1
CAND_000248,JOB_248356,2.450285843025117,1
CAND_000248,JOB_868922,1.6492012927066746,1
CAND_000248,JOB_079013,2.3649033665253865,1
CAND_000347,JOB_079013,1.8002870918259426,1
CAND_000347,JOB_248356,2.3890694029088446,1
CAND_000347,JOB_868922,1.716306680650259,1
CAND_000896,JOB_531212,2.3053534972600334,1
CAND_000896,JOB_1119226,2.4243343558222334,1
CAND_000896,JOB_048966,1.6652286967529952,1
CAND_000896,JOB_1205928,1.7838259660659863,1
CAND_000896,JOB_872988,2.5525409795843332,1
CAND_000896,JOB_570759,2.0491474965239447,1
CAND_000896,JOB_500796,2.6370400058599603,1
CAND_000896,JOB_147674,1.7689175890978694,1
CAND_000896,JOB_049609,2.003660365185815,1
CAND_000419,JOB_032550,3.089074902611143,1
CAND_000419,JOB_811849,2.85260025926142,1
CAND_000419,JOB_1055886,2.275669373296473,1
CAND_000419,JOB_286789,3.1168478497697145,1
CAND_000419,JOB_452489,2.0062766900581996,1
CAND_000419,JOB_090120,1.9833711374893277,1
CAND_000419,JOB_365566,2.4756109770758474,1
CAND_000599,JOB_590015,2.5021385040866,1
CAND_000599,JOB_571620,2.1263782604761507,1
CAND_000599,JOB_613086,2.1108843668421753,1
CAND_000599,JOB_381239,1.7784716972304724,1
CAND_000599,JOB_263728,2.479039939898119,1
CAND_000962,JOB_868922,2.122820695300321,1
CAND_000962,JOB_248356,2.6044595738456366,1
CAND_000997,JOB_1205928,2.1247609628327266,1
CAND_000997,JOB_1119226,2.737127533830597,1
CAND_000997,JOB_872988,2.464942268102056,1
CAND_000997,JOB_500796,2.9701601670885873,1
CAND_000997,JOB_531212,2.3482653125203816,1
CAND_000163,JOB_1205928,2.1834091574776058,1
CAND_000163,JOB_049609,2.29887102646527,1
CAND_000163,JOB_500796,2.566713557276576,1
CAND_000163,JOB_531212,2.434846467619889,1
CAND_000163,JOB_1119226,2.2432443446959933,1
CAND_000163,JOB_872988,2.393216498188881,1
CAND_000163,JOB_048966,1.7469639528786234,1
CAND_000163,JOB_407828,2.266934286607857,1
CAND_000163,JOB_147674,2.423312250781182,1
CAND_000074,JOB_248356,2.11600944959113,1
CAND_000074,JOB_210551,2.256971756673068,1
CAND_000403,JOB_451966,1.9342680618147974,1
CAND_000208,JOB_868922,1.7575357972026882,1
CAND_000208,JOB_248356,3.1040695640569993,1
CAND_000555,JOB_590015,2.3457520708033823,1
CAND_000555,JOB_571620,2.3703645741300825,1
CAND_000555,JOB_263728,1.8084610907383882,1
CAND_000555,JOB_613086,1.9134898608276387,1
CAND_000555,JOB_381239,1.379543410105343,1
CAND_000487,JOB_248356,2.24594422551037,1
CAND_000848,JOB_381239,2.336989727334557,1
CAND_000848,JOB_613086,1.8289618184593022,1
CAND_000848,JOB_263728,2.3196833724477224,1
CAND_000848,JOB_571620,2.383704379771358,1
CAND_000848,JOB_590015,2.186583838706335,1
CAND_000581,JOB_811849,1.9373817319449655,1
CAND_000581,JOB_452489,2.064143388117491,1
CAND_000581,JOB_1055886,2.056522787701262,1
CAND_000581,JOB_032550,2.4502630795994262,1
CAND_000581,JOB_090120,1.927034061418108,1
CAND_000581,JOB_286789,3.1228242066217953,1
CAND_000234,JOB_590015,1.6022890549722164,1
CAND_000234,JOB_263728,2.2158901729606337,1
CAND_000234,JOB_613086,1.7256314416422598,1
CAND_000234,JOB_571620,2.5259126048499074,1
CAND_000234,JOB_381239,2.1101680054887346,1
CAND_000565,JOB_286789,1.8828930362251488,1
CAND_000222,JOB_286789,2.6688445851682348,1
CAND_000222,JOB_032550,2.297755876828397,1
CAND_000222,JOB_1055886,2.2365991283348996,1
CAND_000222,JOB_452489,1.9448318418612622,1
CAND_000222,JOB_090120,1.7811339732307074,1
CAND_000222,JOB_811849,1.8133382598755927,1
CAND_000122,JOB_248356,2.7755802262347395,1
CAND_000122,JOB_079013,2.032348272753604,1
CAND_000122,JOB_868922,2.2422902994044698,1
CAND_000291,JOB_590015,1.9643174478321024,1
CAND_000291,JOB_571620,2.277202710127624,1
CAND_000291,JOB_613086,1.9071595716292178,1
CAND_000291,JOB_263728,2.534179125725577,1
CAND_000291,JOB_381239,2.040138299123835,1
CAND_000824,JOB_1055886,2.040606860187669,1
CAND_000824,JOB_090120,2.558143046210311,1
CAND_000824,JOB_032550,1.9941050385380408,1
CAND_000824,JOB_286789,2.877196267989163,1
CAND_000824,JOB_811849,2.068218147479636,1
CAND_000342,JOB_872988,2.3314501734157687,1
CAND_000342,JOB_570759,2.124418534474863,1
CAND_000342,JOB_049609,2.433025379362293,1
CAND_000342,JOB_573447,1.982759899287104,1
CAND_000342,JOB_013936,1.2859118536329261,1
CAND_000342,JOB_048966,2.34022119730093,1
CAND_000342,JOB_381458,2.7298883569548997,1
CAND_000342,JOB_531212,2.6019125075305976,1
CAND_000342,JOB_1205928,2.132098685683574,1
CAND_000342,JOB_1119226,2.5985020684658315,1
CAND_000342,JOB_500796,2.8037376481902987,1
CAND_000342,JOB_190572,2.188686854188852,1
CAND_000450,JOB_872988,2.7607402866035597,1
CAND_000450,JOB_500796,2.778304164682353,1
CAND_000450,JOB_531212,1.7279989807281941,1
CAND_000450,JOB_049609,2.0877549472476207,1
CAND_000450,JOB_048966,1.479218392482375,1
CAND_000450,JOB_147674,2.1298343717416204,1
CAND_000450,JOB_1119226,2.6898266164938684,1
CAND_000450,JOB_1205928,2.0874054102731527,1
CAND_000253,JOB_1055886,2.078557289621318,1
CAND_000253,JOB_811849,2.2391834354250193,1
CAND_000253,JOB_286789,2.62970891824021,1
CAND_000253,JOB_090120,2.013390852376848,1
CAND_000253,JOB_032550,1.4728921631004315,1
CAND_000253,JOB_452489,1.6668861748221815,1
CAND_000285,JOB_248356,2.3733885088010243,1
CAND_000439,JOB_570759,1.709198709895262,1
CAND_000439,JOB_147674,2.322352589079755,1
CAND_000439,JOB_872988,2.8088528020385297,1
CAND_000439,JOB_500796,2.6621602402289826,1
CAND_000439,JOB_049609,2.3566043655634075,1
CAND_000439,JOB_1205928,2.1823938888271894,1
CAND_000439,JOB_531212,2.703662622917983,1
CAND_000439,JOB_1119226,2.7455023499369395,1
CAND_000439,JOB_048966,1.667015178967645,1
